<?xml version="1.0" encoding="UTF-8"?>
<project-private xmlns="http://www.netbeans.org/ns/project-private/1">
    <editor-bookmarks xmlns="http://www.netbeans.org/ns/editor-bookmarks/2" lastBookmarkId="0"/>
    <open-files xmlns="http://www.netbeans.org/ns/projectui-open-files/2">
        <group>
            <file>file:/D:/João_Alves/Pessoal/Faculdade/TECNOLOGIA%20DE%20CONSTRUÇÃO%20DE%20SOFTWARE%20-%20Eugênio/E-Commerce/src/FabricasConcretas/Samsung.java</file>
            <file>file:/D:/João_Alves/Pessoal/Faculdade/TECNOLOGIA%20DE%20CONSTRUÇÃO%20DE%20SOFTWARE%20-%20Eugênio/E-Commerce/src/Produtos/Sony/Soundbar.java</file>
            <file>file:/D:/João_Alves/Pessoal/Faculdade/TECNOLOGIA%20DE%20CONSTRUÇÃO%20DE%20SOFTWARE%20-%20Eugênio/E-Commerce/src/Fabricas/AbstractFactoryProjeto.java</file>
            <file>file:/D:/João_Alves/Pessoal/Faculdade/TECNOLOGIA%20DE%20CONSTRUÇÃO%20DE%20SOFTWARE%20-%20Eugênio/E-Commerce/src/FabricasConcretas/Sony.java</file>
            <file>file:/D:/João_Alves/Pessoal/Faculdade/TECNOLOGIA%20DE%20CONSTRUÇÃO%20DE%20SOFTWARE%20-%20Eugênio/E-Commerce/src/Produtos/Samsung/SmartTVSamsung.java</file>
            <file>file:/D:/João_Alves/Pessoal/Faculdade/TECNOLOGIA%20DE%20CONSTRUÇÃO%20DE%20SOFTWARE%20-%20Eugênio/E-Commerce/src/Produtos/Lg/SmartTVLg.java</file>
            <file>file:/D:/João_Alves/Pessoal/Faculdade/TECNOLOGIA%20DE%20CONSTRUÇÃO%20DE%20SOFTWARE%20-%20Eugênio/E-Commerce/src/Interface/Produtos.java</file>
            <file>file:/D:/João_Alves/Pessoal/Faculdade/TECNOLOGIA%20DE%20CONSTRUÇÃO%20DE%20SOFTWARE%20-%20Eugênio/E-Commerce/src/FabricasConcretas/Lg.java</file>
            <file>file:/D:/João_Alves/Pessoal/Faculdade/TECNOLOGIA%20DE%20CONSTRUÇÃO%20DE%20SOFTWARE%20-%20Eugênio/E-Commerce/src/Produtos/Sony/SmartTVSony.java</file>
            <file>file:/D:/João_Alves/Pessoal/Faculdade/TECNOLOGIA%20DE%20CONSTRUÇÃO%20DE%20SOFTWARE%20-%20Eugênio/E-Commerce/src/Produtos/Lg/SmartphoneLg.java</file>
            <file>file:/D:/João_Alves/Pessoal/Faculdade/TECNOLOGIA%20DE%20CONSTRUÇÃO%20DE%20SOFTWARE%20-%20Eugênio/E-Commerce/src/Produtos/Samsung/SmartphoneSamsung.java</file>
            <file>file:/D:/João_Alves/Pessoal/Faculdade/TECNOLOGIA%20DE%20CONSTRUÇÃO%20DE%20SOFTWARE%20-%20Eugênio/E-Commerce/src/Fabricas/FabricaAbstrata.java</file>
        </group>
    </open-files>
</project-private>
